label_on_vial,image_url
5-AMINO-1MQ 50mg,assets/vial-5-amino-1mq-50mg.png
5-AMINO-1MQ 5mg,assets/vial-5-amino-1mq-5mg.png
ADIPOTIDE 5ml,assets/vial-adipotide-5ml.png
AOD9604 5mg,assets/vial-aod9604-5mg.png
AOD9605 10mg,assets/vial-aod9605-10mg.png
ARA-290 10mg,assets/vial-ara-290-10mg.png
ASETIC ACID WATER 0.6% 10ml,assets/vial-asetic-acid-water-0-6pct-10ml.png
ASETIC ACID WATER 0.6% 3ml,assets/vial-asetic-acid-water-0-6pct-3ml.png
B12 10mg,assets/vial-b12-10mg.png
BAC WATER BENZYL ALCOH 0.9% 10ml,assets/vial-bac-water-benzyl-alcoh-0-9pct-10ml.png
BAC WATER BENZYL ALCOH 0.9% 3ml,assets/vial-bac-water-benzyl-alcoh-0-9pct-3ml.png
BPC-157 + TB-500 10mg,assets/vial-bpc-157-plus-tb-500-10mg.png
BPC-157 + TB-501 20mg,assets/vial-bpc-157-plus-tb-501-20mg.png
BPC157 10mg,assets/vial-bpc157-10mg.png
BPC157 20mg,assets/vial-bpc157-20mg.png
BPC157 5mg,assets/vial-bpc157-5mg.png
CAGRILINTIDE 10mg-10vials,assets/vial-cagrilintide-10mg-10vials.png
CAGRILINTIDE 5mg,assets/vial-cagrilintide-5mg.png
CAGRILINTIDE+SAMAGLUTIDE 10mg,assets/vial-cagrilintide-plus-samaglutide-10mg.png
CAGRILINTIDE+SAMAGLUTIDE 5mg,assets/vial-cagrilintide-plus-samaglutide-5mg.png
CJC-1295  NO DAC 5mg + IPA 5mg 10mg,assets/vial-cjc-1295-no-dac-5mg-plus-ipa-5mg-10mg.png
CJC-1295  NO DAC 5mg + IPA 5mg 20mg,assets/vial-cjc-1295-no-dac-5mg-plus-ipa-5mg-20mg.png
CJC-1295 NO DAC 10mg,assets/vial-cjc-1295-no-dac-10mg.png
CJC-1295 NO DAC 5mg,assets/vial-cjc-1295-no-dac-5mg.png
CJC-1295 WITH DAC 5mg,assets/vial-cjc-1295-with-dac-5mg.png
DSIP 10mg,assets/vial-dsip-10mg.png
DSIP 15mg,assets/vial-dsip-15mg.png
DSIP 5mg,assets/vial-dsip-5mg.png
ELORALINTIDE 10mg,assets/vial-eloralintide-10mg.png
ELORALINTIDE 5mg,assets/vial-eloralintide-5mg.png
EPITHALON 10mg,assets/vial-epithalon-10mg.png
EPITHALON 40mg,assets/vial-epithalon-40mg.png
FOX4 10ml,assets/vial-fox4-10ml.png
GHK-CU 100mg,assets/vial-ghk-cu-100mg.png
GHK-CU 50mg,assets/vial-ghk-cu-50mg.png
GHRP-6  ACETATA 10mg,assets/vial-ghrp-6-acetata-10mg.png
GLOW BLEND 70mg,assets/vial-glow-blend-70mg.png
GLP-1S-MAGLUTIDE 10mg,assets/vial-glp-1s-maglutide-10mg.png
GLP-1S-MAGLUTIDE 15mg,assets/vial-glp-1s-maglutide-15mg.png
GLP-1S-MAGLUTIDE 20mg,assets/vial-glp-1s-maglutide-20mg.png
GLP-1S-MAGLUTIDE 30mg,assets/vial-glp-1s-maglutide-30mg.png
GLP-1S-MAGLUTIDE 5mg,assets/vial-glp-1s-maglutide-5mg.png
GLP-2T-ZEPATIDE 10mg,assets/vial-glp-2t-zepatide-10mg.png
GLP-2T-ZEPATIDE 15mg,assets/vial-glp-2t-zepatide-15mg.png
GLP-2T-ZEPATIDE 20mg,assets/vial-glp-2t-zepatide-20mg.png
GLP-2T-ZEPATIDE 30mg,assets/vial-glp-2t-zepatide-30mg.png
GLP-2T-ZEPATIDE 40mg,assets/vial-glp-2t-zepatide-40mg.png
GLP-2T-ZEPATIDE 50mg,assets/vial-glp-2t-zepatide-50mg.png
GLP-2T-ZEPATIDE 60mg,assets/vial-glp-2t-zepatide-60mg.png
GLP-3R-TRUTIDE 10mg,assets/vial-glp-3r-trutide-10mg.png
GLP-3R-TRUTIDE 15mg,assets/vial-glp-3r-trutide-15mg.png
GLP-3R-TRUTIDE 20mg,assets/vial-glp-3r-trutide-20mg.png
GLP-3R-TRUTIDE 30mg,assets/vial-glp-3r-trutide-30mg.png
GLP-3R-TRUTIDE 40mg,assets/vial-glp-3r-trutide-40mg.png
GLP-3R-TRUTIDE 50mg,assets/vial-glp-3r-trutide-50mg.png
GLP-3R-TRUTIDE 5mg,assets/vial-glp-3r-trutide-5mg.png
GLP-3R-TRUTIDE 60mg,assets/vial-glp-3r-trutide-60mg.png
GLUTATHIONE 1500mg,assets/vial-glutathione-1500mg.png
GLUTATHIONE 600mg,assets/vial-glutathione-600mg.png
HCG 10000iu,assets/vial-hcg-10000iu.png
HCG 5000iu,assets/vial-hcg-5000iu.png
Hmg 75iu,assets/vial-hmg-75iu.png
IGF-1LR3 0.1mg,assets/vial-igf-1lr3-0-1mg.png
IGF-1LR4 1mg,assets/vial-igf-1lr4-1mg.png
IPAMORELIN 10mg,assets/vial-ipamorelin-10mg.png
IPAMORELIN 5mg,assets/vial-ipamorelin-5mg.png
KISSPEPTIN-10 5mg,assets/vial-kisspeptin-10-5mg.png
KISSPEPTIN-11 10mg,assets/vial-kisspeptin-11-10mg.png
KLOW BLEND 80mg,assets/vial-klow-blend-80mg.png
KPV 10mg,assets/vial-kpv-10mg.png
KPV 30mg,assets/vial-kpv-30mg.png
KPV 5mg,assets/vial-kpv-5mg.png
LL37 5mg,assets/vial-ll37-5mg.png
MAZDUTIDE 10ml,assets/vial-mazdutide-10ml.png
MOTS-C 10mg,assets/vial-mots-c-10mg.png
MOTS-C 20mg,assets/vial-mots-c-20mg.png
MOTS-C 40mg,assets/vial-mots-c-40mg.png
MT-1 5mg,assets/vial-mt-1-5mg.png
MT-2 (MELANOTAN 2 ACETATE) 10mg,assets/vial-mt-2-melanotan-2-acetate-10mg.png
NAD+ 1000mg,assets/vial-nad-plus-1000mg.png
NAD+ 100mg,assets/vial-nad-plus-100mg.png
NAD+ 500mg,assets/vial-nad-plus-500mg.png
OXYTOCIN ACETATE 2mg,assets/vial-oxytocin-acetate-2mg.png
PE-22-28 10mg,assets/vial-pe-22-28-10mg.png
PINEALON 10mg,assets/vial-pinealon-10mg.png
PINEALON 20mg,assets/vial-pinealon-20mg.png
PINEALON 5mg,assets/vial-pinealon-5mg.png
PNC27 5mg,assets/vial-pnc27-5mg.png
PNC28 10mg,assets/vial-pnc28-10mg.png
PT-141 10mg,assets/vial-pt-141-10mg.png
RELAXATLONPM 10mg,assets/vial-relaxatlonpm-10mg.png
SELANK 10mg,assets/vial-selank-10mg.png
SELANK 5mg,assets/vial-selank-5mg.png
SEMAX 10mg,assets/vial-semax-10mg.png
SEMAX 5mg,assets/vial-semax-5mg.png
SERMORELIN ACETATE 10mg,assets/vial-sermorelin-acetate-10mg.png
SERMORELIN ACETATE 5mg,assets/vial-sermorelin-acetate-5mg.png
SNAP-8 10mg,assets/vial-snap-8-10mg.png
SS-31 10mg,assets/vial-ss-31-10mg.png
SS-31 50mg,assets/vial-ss-31-50mg.png
STERILE WATER 10ml,assets/vial-sterile-water-10ml.png
STERILE WATER 3ml,assets/vial-sterile-water-3ml.png
SUPERHUANBLEND 10mg,assets/vial-superhuanblend-10mg.png
SURVODUTIDE 10mg,assets/vial-survodutide-10mg.png
TB500 10mg,assets/vial-tb500-10mg.png
TB500 5mg,assets/vial-tb500-5mg.png
TESAMORELIN 10mg,assets/vial-tesamorelin-10mg.png
TESTAGEN 10mg,assets/vial-testagen-10mg.png
TESTAGEN 20mg,assets/vial-testagen-20mg.png
THYMALIN 10mg,assets/vial-thymalin-10mg.png
THYMOSIN ALPHA-1 5mg,assets/vial-thymosin-alpha-1-5mg.png
THYMOSIN ALPHA-2 10mg,assets/vial-thymosin-alpha-2-10mg.png
VIP 10mg,assets/vial-vip-10mg.png
VIP 5mg,assets/vial-vip-5mg.png
